FID,SLN,ELEM_DESC,MID_SLN,MIDDLE,HIGH_SLN,HIGH,Shape_Leng,Shape_Area,Shape__Area,Shape__Length,matched_campus,zone_match_score,zone_match_method,Campus,school_students,percent_economically_disadvantaged,ses_score,academic_score,expected_academic_score,academic_residual,standardized_disparity,disparity_magnitude,pattern,matched_budget_org,budget_match_score,budget_match_method,budget_students,total_budget,budget_per_student,budget_normalized,ses_normalized,academic_normalized,disparity_normalized,budget_ses_score,budget_academic_score,budget_disparity_score,budget_per_student_display,total_budget_display,percent_ed_display,ses_score_display,academic_score_display,expected_academic_display,standardized_disparity_display,budget_ses_display,budget_academic_display,budget_disparity_display
1,235,Alexander Elementary School,42,Bedford Law,23,Carter,,8494260.575987035,8494260.61328125,20933.297635314517,BIRDIE ALEXANDER EL,110.0,automatic,BIRDIE ALEXANDER EL,289,86.9,13.099999999999994,78.0,80.82479364180988,-2.824793641809876,-0.36019273678231245,0.36019273678231245,higher SES; academics near expected,ALEXANDER ELEMENTARY,110.0,fuzzy match,289.0,2852599.0,9870.584775,0.23742143259400633,0.1390658174097664,0.6097560975609756,0.10297554839430445,0.18824362500188635,0.423588765077491,0.1701984904941554,9870.58,2852599.0,86.9,13.1,78.0,80.82,-0.36,0.188,0.424,0.17
2,103,Allen Charter School,372,West Dallas,12,Pinkston,,3615180.002580879,3615180.0546875,13407.915459353459,GABE P ALLEN CHARTER SCHOOL,110.0,automatic,GABE P ALLEN CHARTER SCHOOL,399,98.2,1.7999999999999972,78.0,80.1600243800548,-2.160024380054793,-0.275427231728674,0.275427231728674,lower SES; academics near expected,GABE P ALLEN NEW TECH ACADEMY,110.0,fuzzy match,399.0,3191381.0,7998.448622,0.15863967161118844,0.019108280254777038,0.6097560975609756,0.07872929449836882,0.08887397593298274,0.384197884586082,0.11868448305477863,7998.45,3191381.0,98.2,1.8,78.0,80.16,-0.28,0.089,0.384,0.119
3,104,Anderson Elementary School,352,Young Women's STEAM,17,Spruce,,4780445.5462801475,4780445.56640625,10057.699981901902,WILLIAM M ANDERSON EL,110.0,automatic,WILLIAM M ANDERSON EL,520,98.8,1.2000000000000028,88.0,80.12472689712973,7.875273102870267,1.0041852721013362,1.0041852721013362,lower SES; academics higher than expected,WILLIAM ANDERSON ELEMENTARY,110.0,fuzzy match,520.0,4246062.0,8165.503846,0.16566955814321732,0.012738853503184744,0.8536585365853658,0.28718263249710974,0.08920420582320103,0.5096640473642916,0.22642609532016353,8165.5,4246062.0,98.8,1.2,88.0,80.12,1.0,0.089,0.51,0.226
4,105,Arcadia Park Elementary School,68,Quintanilla,12,Pinkston,,9831726.26058021,9831726.25,15800.137457339704,ARCADIA PARK EL,110.0,automatic,ARCADIA PARK EL,606,91.4,8.599999999999994,84.0,80.560062519872,3.4399374801279947,0.43863044612826557,0.43863044612826557,higher SES; academics near expected,ARCADIA PARK ELEMENTARY,100.0,exact normalized name,606.0,4536019.0,7485.179868,0.13704069963856783,0.09129511677282372,0.7560975609756098,0.12541180491886755,0.11416790820569578,0.4465691303070888,0.1312262522787177,7485.18,4536019.0,91.4,8.6,84.0,80.56,0.44,0.114,0.447,0.131
5,108,Bayles Elementary School,48,Gaston,1,Adams,,5043353.090019352,5043353.12890625,13255.42314335965,BAYLES EL,110.0,automatic,BAYLES EL,391,98.5,1.5,82.0,80.14237563859227,1.85762436140773,0.23686785213104777,0.23686785213104777,lower SES; academics near expected,BAYLES ELEMENTARY,100.0,exact normalized name,391.0,3325605.0,8505.383632,0.17997211195087476,0.01592356687898089,0.7073170731707317,0.0676998019329414,0.09794783941492782,0.44364459256080324,0.12383595694190808,8505.38,3325605.0,98.5,1.5,82.0,80.14,0.24,0.098,0.444,0.124
6,274,Bethune Elementary School,59,Stockard,5,Molina,,5535166.249896116,5535166.28515625,11997.363384045311,MARY MCLEOD BETHUNE EL,110.0,automatic,MARY MCLEOD BETHUNE EL,575,89.6,10.400000000000006,88.0,80.66595496864716,7.334045031352844,0.9351726485178417,0.9351726485178417,higher SES; academics higher than expected,BETHUNE ELEMENTARY,110.0,fuzzy match,575.0,3850878.0,6697.17913,0.10388067241729974,0.11040339702760091,0.8536585365853658,0.2674423195906839,0.10714203472245032,0.47876960450133277,0.18566149600399182,6697.18,3850878.0,89.6,10.4,88.0,80.67,0.94,0.107,0.479,0.186
7,109,Blair Elementary School,45,Comstock,17,Spruce,,14133198.95111584,14133198.984375,20264.341319621853,W A BLAIR EL,110.0,automatic,W A BLAIR EL,404,99.5,0.5,82.0,80.08354650038385,1.9164534996161535,0.24436922425968952,0.24436922425968952,lower SES; academics near expected,BLAIR ELEMENTARY,110.0,fuzzy match,404.0,3120860.0,7724.90099,0.14712845533180288,0.005307855626326964,0.7073170731707317,0.06984548811842275,0.07621815547906492,0.42722276425126726,0.10848697172511282,7724.9,3120860.0,99.5,0.5,82.0,80.08,0.24,0.076,0.427,0.108
8,110,Blanton Elementary School,52,Piedmont,14,Samuell,,5225491.997481854,5225491.95703125,10473.98648181765,ANNIE WEBB BLANTON EL,110.0,automatic,ANNIE WEBB BLANTON EL,597,95.1,4.900000000000006,86.0,80.34239470850088,5.657605291499124,0.7214078591148,0.7214078591148,lower SES; academics near expected,BLANTON ELEMENTARY,110.0,fuzzy match,597.0,5476318.0,9173.061977,0.20806882687457479,0.052016985138004304,0.8048780487804879,0.2062972187079884,0.13004290600628954,0.5064734378275313,0.2071830227912816,9173.06,5476318.0,95.1,4.9,86.0,80.34,0.72,0.13,0.506,0.207
9,289,Botello Elementary School,77,Garcia,2,Adamson,,4868399.887932606,4868399.8828125,13363.057947744084,FELIX G BOTELLO PERSONALIZED LEARNING EL,100.0,manual alias,FELIX G BOTELLO PERSONALIZED LEARNING EL,545,94.7,5.299999999999997,92.0,80.36592636378424,11.63407363621576,1.4834743185950388,1.4834743185950388,lower SES; academics higher than expected,FELIX G BOTELLO PERSONALIZED LEARNING ELEMENTARY,100.0,exact normalized name,545.0,3899954.0,7155.878899,0.12318331528668927,0.056263269639065784,0.9512195121951219,0.4242780689423197,0.08972329246287752,0.5372014137409056,0.27373069211450446,7155.88,3899954.0,94.7,5.3,92.0,80.37,1.48,0.09,0.537,0.274
10,112,Bowie Elementary School,77,Garcia,2,Adamson,,1862516.4423759258,1862516.40625,5739.980012813425,JAMES BOWIE EL,110.0,automatic,JAMES BOWIE EL,332,97.3,2.700000000000003,91.0,80.21297060444236,10.787029395557639,1.375466718074222,1.375466718074222,lower SES; academics higher than expected,BOWIE ELEMENTARY,110.0,fuzzy match,332.0,3009520.0,9064.819277,0.20351384271604026,0.028662420382165633,0.926829268292683,0.3933836655731498,0.11608813154910294,0.5651715555043616,0.29844875414459504,9064.82,3009520.0,97.3,2.7,91.0,80.21,1.38,0.116,0.565,0.298
11,172,Brashear Elementary School,100,"Holmes, Z",8,Kimball,,4443144.17328603,4443144.15234375,12683.242215074559,JIMMIE TYLER BRASHEAR EL,110.0,automatic,JIMMIE TYLER BRASHEAR EL,647,82.4,17.599999999999994,87.0,81.08952476374775,5.910475236252253,0.7536516011363463,0.7536516011363463,higher SES; academics higher than expected,J T BRASHEAR ELEMENTARY,80.0,fuzzy match,647.0,4274330.0,6606.383308,0.10005987405518271,0.18683651804670906,0.8292682926829268,0.21552019160379965,0.1434481960509459,0.46466408336905474,0.15779003282949117,6606.38,4274330.0,82.4,17.6,87.0,81.09,0.75,0.143,0.465,0.158
12,114,Bryan Elementary School,51,Lewis,13,Roosevelt,,3906488.6780575784,3906488.6640625,10178.528656598895,JOHN NEELY BRYAN EL,110.0,automatic,JOHN NEELY BRYAN EL,376,99.5,0.5,82.0,80.08354650038385,1.9164534996161535,0.24436922425968952,0.24436922425968952,lower SES; academics near expected,BRYAN ELEMENTARY,110.0,fuzzy match,376.0,3655450.0,9721.941489,0.23116634275420633,0.005307855626326964,0.7073170731707317,0.06984548811842275,0.11823709919026665,0.469241707962469,0.15050591543631453,9721.94,3655450.0,99.5,0.5,82.0,80.08,0.24,0.118,0.469,0.151
13,115,Budd Elementary School,51,Lewis,13,Roosevelt,,2081843.8880906927,2081843.87890625,8176.116884648207,HARRELL BUDD EL,110.0,automatic,HARRELL BUDD EL,454,95.4,4.599999999999994,77.0,80.32474596703835,-3.3247459670383535,-0.42394224174415,0.42394224174415,lower SES; academics near expected,HARRELL BUDD ELEMENTARY,100.0,exact normalized name,454.0,3351136.0,7381.356828,0.13267170013568308,0.04883227176220801,0.5853658536585366,0.12121040326913629,0.09075198594894554,0.3590187768971098,0.12694105170240969,7381.36,3351136.0,95.4,4.6,77.0,80.32,-0.42,0.091,0.359,0.127
14,117,Burleson Elementary School,45,Comstock,17,Spruce,,7763515.642953796,7763515.6328125,13572.82052388738,RUFUS C BURLESON EL,110.0,automatic,RUFUS C BURLESON EL,453,98.9,1.0999999999999943,86.0,80.11884398330889,5.881156016691108,0.7499130732036353,0.7499130732036353,lower SES; academics near expected,BURLESON ELEMENTARY,110.0,fuzzy match,453.0,4359751.0,9624.174393,0.22705218472317112,0.01167728237791926,0.8048780487804879,0.21445082621281664,0.1193647335505452,0.5159651167518295,0.22075150546799388,9624.17,4359751.0,98.9,1.1,86.0,80.12,0.75,0.119,0.516,0.221
15,304,Bush Elementary School,56,Walker,21,White,,18276871.105147086,18276871.140625,25335.189209164317,GEORGE HERBERT WALKER BUSH EL,110.0,automatic,GEORGE HERBERT WALKER BUSH EL,656,82.5,17.5,87.0,81.0836418499269,5.916358150073094,0.7544017383492103,0.7544017383492103,higher SES; academics higher than expected,GEORGE HERBERT WALKER BUSH ELEMENTARY SCHOOL,100.0,exact normalized name,656.0,5101189.0,7776.202744,0.14928729539007046,0.18577494692144372,0.8292682926829268,0.21573476022234775,0.16753112115575708,0.4892777940364986,0.1825110278062091,7776.2,5101189.0,82.5,17.5,87.0,81.08,0.75,0.168,0.489,0.183
16,118,Black STEAM Academy,72,Todd,16,SOC,,19999213.786066193,19999213.8671875,23385.10306336704,W W BUSHMAN EL,100.0,manual alias,W W BUSHMAN EL,340,97.9,2.0999999999999943,93.0,80.17767312151732,12.822326878482684,1.6349898774619707,1.6349898774619707,lower SES; academics higher than expected,,47.61904761904762,unmatched,,,,,0.022292993630573188,0.975609756097561,0.46761745218727946,,,,,,97.9,2.1,93.0,80.18,1.63,,,
17,119,Chapel Hill Elementary School,54,Marsh,21,White,,6154962.805479657,6154962.76953125,15881.125770994708,CHAPEL HILL PREPARATORY-A PERSONALIZED LRNING SCH,110.0,automatic,CHAPEL HILL PREPARATORY-A PERSONALIZED LRNING SCH,417,91.8,8.200000000000003,81.0,80.53653086458864,0.4634691354113585,0.059097490813874186,0.059097490813874186,higher SES; academics near expected,CHAPEL HILL PREPARATORY,110.0,fuzzy match,417.0,3144696.0,7541.23741,0.13939966902658554,0.08704883227176223,0.6829268292682927,0.01685051703879809,0.11322425064917388,0.4111632491474391,0.07812509303269181,7541.24,3144696.0,91.8,8.2,81.0,80.54,0.06,0.113,0.411,0.078
18,120,Caillet Elementary School,54,Marsh,21,White,,5630217.58159668,5630217.5625,11776.43427787788,F P CAILLET EL,110.0,automatic,F P CAILLET EL,582,96.6,3.4000000000000057,86.0,80.25415100118825,5.745848998811752,0.7326599173077617,0.7326599173077617,lower SES; academics near expected,CAILLET ELEMENTARY,110.0,fuzzy match,582.0,4407838.0,7573.604811,0.14076172853552182,0.036093418259023416,0.8048780487804879,0.20951574798621017,0.08842757339727261,0.47281988865800484,0.175138738260866,7573.6,4407838.0,96.6,3.4,86.0,80.25,0.73,0.088,0.473,0.175
19,247,Callejo Elementary School,353,Richards,25,Skyline,,4051048.374595448,4051048.359375,8229.13667461698,ADELFA BOTELLO CALLEJO EL,100.0,manual alias,ADELFA BOTELLO CALLEJO EL,521,95.2,4.799999999999997,86.0,80.33651179468004,5.663488205319965,0.722157996327664,0.722157996327664,lower SES; academics near expected,ADELFA CALLEJO ELEMENTARY SCHOOL,110.0,fuzzy match,521.0,4136097.0,7938.765835,0.15612814751467022,0.05095541401273882,0.8048780487804879,0.20651178732653647,0.10354178076370452,0.480503098147579,0.18131996742060336,7938.77,4136097.0,95.2,4.8,86.0,80.34,0.72,0.104,0.481,0.181
20,125,Casa View Elementary School,50,Hill,1,Adams,,4530825.204175241,4530825.1796875,10982.124232122078,CASA VIEW EL,110.0,automatic,CASA VIEW EL,614,93.5,6.5,84.0,80.43652132963435,3.5634786703656545,0.4543833275984094,0.4543833275984094,lower SES; academics near expected,CASA VIEW ELEMENTARY,100.0,exact normalized name,614.0,4317602.0,7031.925081,0.11796718821872185,0.06900212314225053,0.7560975609756098,0.12991774590837732,0.0934846556804862,0.4370323745971658,0.12394246706354958,7031.93,4317602.0,93.5,6.5,84.0,80.44,0.45,0.093,0.437,0.124
21,126,Central Elementary School,69,Seagoville,15,Seagoville,,11029614.704647483,11029614.71484375,15564.569372709313,CENTRAL EL,110.0,automatic,CENTRAL EL,528,85.2,14.799999999999997,90.0,80.92480317676419,9.075196823235814,1.1571889472623873,1.1571889472623873,higher SES; academics higher than expected,CENTRAL ELEMENTARY,100.0,exact normalized name,528.0,4253420.0,8055.719697,0.16104970794035658,0.1571125265392781,0.9024390243902439,0.33094767527740837,0.15908111723981733,0.5317443661653003,0.2459986916088825,8055.72,4253420.0,85.2,14.8,90.0,80.92,1.16,0.159,0.532,0.246
22,281,Chavez Learning Center,58,Spence,24,North Dallas,,6222832.8333483115,6222832.8203125,11547.173830873724,CESAR CHAVEZ LEARNING CENTER,110.0,automatic,CESAR CHAVEZ LEARNING CENTER,579,95.0,5.0,77.0,80.34827762232172,-3.348277622321717,-0.426942790595606,0.426942790595606,lower SES; academics near expected,CHAVEZ ELEMENTARY,110.0,fuzzy match,579.0,4362671.0,7534.837651,0.13913035940234816,0.053078556263269634,0.5853658536585366,0.12206867774332864,0.0961044578328089,0.36224810653044237,0.1305995185728384,7534.84,4362671.0,95.0,5.0,77.0,80.35,-0.43,0.096,0.362,0.131
23,278,Cigarroa Elementary School,79,Medrano,7,Jefferson,,1000301.4579049706,1000301.51171875,6212.4839642144825,LEONIDES GONZALEZ CIGARROA MD EL,110.0,automatic,LEONIDES GONZALEZ CIGARROA MD EL,576,96.5,3.5,82.0,80.26003391500909,1.739966084990911,0.22186510787376792,0.22186510787376792,lower SES; academics near expected,LEONIDES CIGARROA ELEMENTARY,110.0,fuzzy match,576.0,4631905.0,8041.501736,0.16045139888929202,0.037154989384288746,0.7073170731707317,0.0634084295619797,0.09880319413679038,0.43388423603001186,0.11192991422563586,8041.5,4631905.0,96.5,3.5,82.0,80.26,0.22,0.099,0.434,0.112
24,236,Cochran Elementary School,59,Stockard,5,Molina,,5074942.737336327,5074942.69921875,12195.257212467837,NANCY J COCHRAN EL,110.0,automatic,NANCY J COCHRAN EL,424,97.4,2.5999999999999943,82.0,80.20708769062152,1.7929123093784796,0.22861634278954387,0.22861634278954387,lower SES; academics near expected,COCHRAN ELEMENTARY,110.0,fuzzy match,424.0,3782389.0,8920.728774,0.19745033950926247,0.02760084925690015,0.7073170731707317,0.06533954712891248,0.11252559438308131,0.4523837063399971,0.13139494331908746,8920.73,3782389.0,97.4,2.6,82.0,80.21,0.23,0.113,0.452,0.131
25,129,Conner Elementary School,76,Lang,25,Skyline,,4029904.8892291686,4029904.85546875,8671.3945541529,S S CONNER EL,110.0,automatic,S S CONNER EL,619,98.2,1.7999999999999972,67.0,80.1600243800548,-13.160024380054793,-1.6780500803367808,1.6780500803367808,lower SES; academics lower than expected,CONNER ELEMENTARY,110.0,fuzzy match,619.0,4074513.0,6582.411955,0.09905113043391639,0.019108280254777038,0.34146341463414637,0.47993435646399535,0.059079705344346714,0.22025727253403138,0.28949274344895587,6582.41,4074513.0,98.2,1.8,67.0,80.16,-1.68,0.059,0.22,0.289
26,130,Cowart Elementary School,59,Stockard,5,Molina,,2377198.4553199196,2377198.453125,6469.658525550726,LEILA P COWART EL,110.0,automatic,LEILA P COWART EL,547,90.1,9.900000000000006,85.0,80.63654039954295,4.363459600457048,0.5563898304163143,0.5563898304163143,higher SES; academics near expected,COWART ELEMENTARY,110.0,fuzzy match,547.0,4420983.0,8082.235832,0.16216553907604114,0.10509554140127395,0.7804878048780488,0.15909560032916253,0.13363054023865756,0.471326671977045,0.16063056970260184,8082.24,4420983.0,90.1,9.9,85.0,80.64,0.56,0.134,0.471,0.161
27,276,Cuellar Sr Elementary School,352,Young Women's STEAM,17,Spruce,,6074477.596729498,6074477.58984375,12113.05761073412,GILBERT CUELLAR SR EL,110.0,automatic,GILBERT CUELLAR SR EL,630,99.2,0.7999999999999972,89.0,80.10119524184637,8.89880475815363,1.1346969890080747,1.1346969890080747,lower SES; academics higher than expected,CUELLAR ELEMENTARY,110.0,fuzzy match,630.0,5192060.0,8241.365079,0.1688618908784678,0.008492569002123113,0.8780487804878049,0.3245140944227227,0.08867722994029546,0.5234553356831364,0.24668799265059527,8241.37,5192060.0,99.2,0.8,89.0,80.1,1.13,0.089,0.523,0.247
28,260,De Zavala Elementary School,372,West Dallas,12,Pinkston,,2463548.9328184347,2463548.9453125,7078.104862826047,LORENZO DE ZAVALA EL,110.0,automatic,LORENZO DE ZAVALA EL,448,96.7,3.299999999999997,81.0,80.2482680873674,0.751731912632593,0.09585421424421346,0.09585421424421346,lower SES; academics near expected,,64.0,unmatched,,,,,0.03503184713375793,0.6829268292682927,0.02736437934765527,,,,,,96.7,3.3,81.0,80.25,0.1,,,
29,135,DeGolyer Elementary School,54,Marsh,21,White,,6065998.781856698,6065998.77734375,10968.542156907944,EVERETTE LEE DEGOLYER EL,110.0,automatic,EVERETTE LEE DEGOLYER EL,363,55.4,44.6,81.0,82.67791149537494,-1.6779114953749428,-0.2139524546686446,0.2139524546686446,higher SES; academics near expected,DEGOLYER ELEMENTARY,110.0,fuzzy match,363.0,3269582.0,9007.112948,0.2010854903704115,0.4734607218683652,0.6829268292682927,0.061145100882695515,0.3372731061193883,0.4420061598193521,0.13111529562655352,9007.11,3269582.0,55.4,44.6,81.0,82.68,-0.21,0.337,0.442,0.131
30,136,Donald Elementary School,100,"Holmes, Z",8,Kimball,,1518047.3702289702,1518047.35546875,6336.603599705334,L O DONALD EL,110.0,automatic,L O DONALD EL,335,92.2,7.799999999999997,82.0,80.51299920930528,1.4870007906947222,0.1896092077206126,0.1896092077206126,higher SES; academics near expected,DONALD ELEMENTARY,110.0,fuzzy match,335.0,3106504.0,9273.146269,0.21228049532499366,0.0828025477707006,0.7073170731707317,0.05418197896441103,0.14754152154784714,0.4597987842478627,0.13323123714470234,9273.15,3106504.0,92.2,7.8,82.0,80.51,0.19,0.148,0.46,0.133
31,137,Dorsey Elementary School,352,Young Women's STEAM,17,Spruce,,4591703.211967259,4591703.19140625,10593.95248121539,JULIUS DORSEY EL,110.0,automatic,JULIUS DORSEY EL,394,97.0,3.0,85.0,80.23061934590488,4.769380654095116,0.6081492981039353,0.6081492981039353,lower SES; academics near expected,JULIUS DORSEY LEADERSHIP ACADEMY,110.0,fuzzy match,394.0,3377652.0,8572.720812,0.18280574219273302,0.03184713375796178,0.7804878048780488,0.17390083500898193,0.1073264379753474,0.4816467735353909,0.17835328860085747,8572.72,3377652.0,97.0,3.0,85.0,80.23,0.61,0.107,0.482,0.178
32,266,Douglass Elementary School,45,Comstock,17,Spruce,,3519031.786075844,3519031.77734375,9381.372364663726,FREDERICK DOUGLASS EL,110.0,automatic,FREDERICK DOUGLASS EL,422,98.3,1.7000000000000028,59.0,80.15414146623395,-21.154141466233952,-2.6973892875661765,2.6973892875661765,lower SES; academics lower than expected,DOUGLASS ELEMENTARY,110.0,fuzzy match,422.0,3664044.0,8682.56872,0.18742827545167948,0.018046709129511708,0.14634146341463414,0.7715052874568121,0.10273749229059559,0.1668848694331568,0.4794667814542458,8682.57,3664044.0,98.3,1.7,59.0,80.15,-2.7,0.103,0.167,0.479
33,139,Dunbar Learning Center,62,Dade,32,Madison,,26342094.71258788,26342094.7265625,32565.905854259247,PAUL L DUNBAR LEARNING CENTER,110.0,automatic,PAUL L DUNBAR LEARNING CENTER,497,96.6,3.4000000000000057,76.0,80.25415100118825,-4.254151001188248,-0.5424517632450627,0.5424517632450627,lower SES; academics near expected,DUNBAR ELEMENTARY,110.0,fuzzy match,497.0,4754375.0,9566.146881,0.2246103166071765,0.036093418259023416,0.5609756097560976,0.15510876729797934,0.13035186743309995,0.39279296318163703,0.18985954195257793,9566.15,4754375.0,96.6,3.4,76.0,80.25,-0.54,0.13,0.393,0.19
34,142,Ervin Elementary School,354,West,380,Wilmer-Hutchins,,41662534.373644695,41662534.359375,39152.77822922519,J N ERVIN EL,110.0,automatic,J N ERVIN EL,629,98.3,1.7000000000000028,77.0,80.15414146623395,-3.154141466233952,-0.4021882625710924,0.4021882625710924,lower SES; academics near expected,ERVIN ELEMENTARY,110.0,fuzzy match,629.0,5386919.0,8564.259141,0.18244966480959562,0.018046709129511708,0.5853658536585366,0.11498791333124132,0.10024818696955366,0.38390775923406606,0.14871878907041847,8564.26,5386919.0,98.3,1.7,77.0,80.15,-0.4,0.1,0.384,0.149
35,145,Foster Elementary School,79,Medrano,7,Jefferson,,2130450.9580154605,2130450.97265625,6966.295288242637,STEPHEN C FOSTER EL,110.0,automatic,STEPHEN C FOSTER EL,673,97.6,2.4000000000000057,74.0,80.19532186297984,-6.195321862979839,-0.7899727272269877,0.7899727272269877,lower SES; academics lower than expected,FOSTER ELEMENTARY,110.0,fuzzy match,673.0,4690037.0,6968.851412,0.11531297169312099,0.025477707006369487,0.5121951219512195,0.2259094560153397,0.07039533934974523,0.31375404682217023,0.17061121385423034,6968.85,4690037.0,97.6,2.4,74.0,80.2,-0.79,0.07,0.314,0.171
36,280,Frank Elementary School,47,Franklin,6,Hillcrest,,7251188.348877536,7251188.37109375,12718.05767380161,ANNE FRANK EL,100.0,manual alias,ANNE FRANK EL,1139,84.5,15.5,83.0,80.96598357351007,2.034016426489927,0.25935981038536216,0.25935981038536216,higher SES; academics near expected,ANNE FRANK ELEMENTARY SCHOOL,100.0,exact normalized name,1139.0,7477205.0,6564.710272,0.0983062221339165,0.16454352441613587,0.7317073170731707,0.07413338278762756,0.1314248732750262,0.4150067696035436,0.08621980246077203,6564.71,7477205.0,84.5,15.5,83.0,80.97,0.26,0.131,0.415,0.086
37,147,Gill Elementary School,50,Hill,1,Adams,,3380680.2099451236,3380680.21484375,8713.01149291262,CHARLES A GILL EL,110.0,automatic,CHARLES A GILL EL,616,90.7,9.299999999999997,86.0,80.6012429166179,5.398757083382094,0.6884018217487807,0.6884018217487807,higher SES; academics near expected,GILL ELEMENTARY,110.0,fuzzy match,616.0,4507166.0,7316.827922,0.12995624547132636,0.09872611464968149,0.8048780487804879,0.19685619949187164,0.11434118006050392,0.4674171471259071,0.163406222481599,7316.83,4507166.0,90.7,9.3,86.0,80.6,0.69,0.114,0.467,0.163
38,234,Gonzalez Elementary School,45,Comstock,17,Spruce,,4818332.550277268,4818332.59765625,10959.933802132926,HENRY B GONZALEZ PERSONALIZED LEARNING ACADEMY,100.0,manual alias,HENRY B GONZALEZ PERSONALIZED LEARNING ACADEMY,585,90.3,9.700000000000003,82.0,80.62477457190127,1.3752254280987302,0.17535660067619493,0.17535660067619493,higher SES; academics near expected,HENRY B GONZALEZ PERSONALIZED LEARNING ACADEMY,100.0,exact normalized name,585.0,3960180.0,6769.538462,0.10692564090923633,0.10297239915074313,0.7073170731707317,0.05010517521199691,0.10494902002998974,0.407121357039984,0.07851540806061662,6769.54,3960180.0,90.3,9.7,82.0,80.62,0.18,0.105,0.407,0.079
39,148,Gooch Elementary School,54,Marsh,21,White,,4115146.743120376,4115146.74609375,8178.654271750495,TOM C GOOCH EL,110.0,automatic,TOM C GOOCH EL,369,91.3,8.700000000000003,81.0,80.56594543369285,0.4340545663071538,0.055346804749554224,0.055346804749554224,higher SES; academics near expected,GOOCH ELEMENTARY,110.0,fuzzy match,369.0,3004798.0,8143.084011,0.16472610428201506,0.0923566878980892,0.6829268292682927,0.015777673946057665,0.12854139609005213,0.4238264667751539,0.09025188911403637,8143.08,3004798.0,91.3,8.7,81.0,80.57,0.06,0.129,0.424,0.09
40,149,Hall Elementary School,100,"Holmes, Z",8,Kimball,,1592122.982598708,1592122.9921875,5538.778136103418,HALL PERSONALIZED LEARNING ACADEMY AT OAK CLIFF,110.0,automatic,HALL PERSONALIZED LEARNING ACADEMY AT OAK CLIFF,431,97.0,3.0,79.0,80.23061934590488,-1.2306193459048842,-0.15691771022775944,0.15691771022775944,lower SES; academics near expected,HALL PERSONALIZED LEARNING ACADEMY AT OAK CLIFF,100.0,exact normalized name,431.0,3509492.0,8142.672854,0.164708802296554,0.03184713375796178,0.6341463414634146,0.04483093046952522,0.09827796802725788,0.39942757187998434,0.1047698663830396,8142.67,3509492.0,97.0,3.0,79.0,80.23,-0.16,0.098,0.399,0.105
41,305,Halliday Elementary School,69,Seagoville,15,Seagoville,,39634251.79654735,39634251.76953125,30696.518586424394,EBBY HALLIDAY EL,110.0,automatic,EBBY HALLIDAY EL,602,88.9,11.099999999999994,82.0,80.70713536539304,1.292864634606957,0.16485467969609902,0.16485467969609902,higher SES; academics near expected,EBBY HALLIDAY ELEMENTARY SCHOOL,100.0,exact normalized name,602.0,4890740.0,8124.152824,0.16392945696180541,0.11783439490445853,0.7073170731707317,0.04710121455232372,0.14088192593313198,0.43562326506626853,0.10551533575706457,8124.15,4890740.0,88.9,11.1,82.0,80.71,0.16,0.141,0.436,0.106
42,156,Hawthorne Elementary School,52,Piedmont,14,Samuell,,1499307.0855444558,1499307.07421875,6328.067365724384,NATHANIEL HAWTHORNE EL,110.0,automatic,NATHANIEL HAWTHORNE EL,392,92.3,7.700000000000003,88.0,80.50711629548444,7.492883704515563,0.9554263532651712,0.9554263532651712,higher SES; academics higher than expected,HAWTHORNE ELEMENTARY,110.0,fuzzy match,392.0,3692897.0,9420.655612,0.21848786746741844,0.08174097664543527,0.8536585365853658,0.27323567229148266,0.15011442205642686,0.5360732020263921,0.24586176987945055,9420.66,3692897.0,92.3,7.7,88.0,80.51,0.96,0.15,0.536,0.246
43,152,Henderson Elementary School,100,"Holmes, Z",8,Kimball,,2296501.8589045717,2296501.86328125,6093.304147701968,MARGARET B HENDERSON EL,110.0,automatic,MARGARET B HENDERSON EL,360,90.0,10.0,92.0,80.64242331336379,11.357576686636207,1.4482178695904273,1.4482178695904273,higher SES; academics higher than expected,HENDERSON ELEMENTARY,110.0,fuzzy match,360.0,3021602.0,8393.338889,0.17525713320947167,0.10615711252653927,0.9512195121951219,0.4141933438705586,0.14070712286800546,0.5632383227022968,0.29472523854001514,8393.34,3021602.0,90.0,10.0,92.0,80.64,1.45,0.141,0.563,0.295
44,153,Hexter Elementary School,50,Hill,1,Adams,,11070966.565298138,11070966.57421875,17117.969999009376,VICTOR H HEXTER EL,110.0,automatic,VICTOR H HEXTER EL,447,49.9,50.1,83.0,83.00147175552122,-0.0014717555212229172,-0.0001876652656029452,0.0001876652656029452,higher SES; academics near expected,HEXTER ELEMENTARY,110.0,fuzzy match,447.0,3839143.0,8588.686801,0.18347761038310834,0.5318471337579618,0.7317073170731707,0.0,0.3576623720705351,0.45759246372813955,0.09173880519155417,8588.69,3839143.0,49.9,50.1,83.0,83.0,-0.0,0.358,0.458,0.092
45,284,Highland Meadows Elementary School,83,Tasby,28,Conrad,,4284337.436976293,4284337.44140625,10221.155894004072,PERSONALIZED LEARNING ACADEMY AT HIGHLAND MEADOWS,110.0,automatic,PERSONALIZED LEARNING ACADEMY AT HIGHLAND MEADOWS,711,84.2,15.799999999999997,59.0,80.9836323149726,-21.983632314972596,-2.8031586345800084,2.8031586345800084,higher SES; academics lower than expected,PERSONALIZED LEARNING ACADEMY AT HIGHLAND MEADOWS,100.0,exact normalized name,711.0,4127756.0,5805.563994,0.06636042560167472,0.16772823779193202,0.14634146341463414,0.8017594626720945,0.11704433169680337,0.10635094450815444,0.43405994413688465,5805.56,4127756.0,84.2,15.8,59.0,80.98,-2.8,0.117,0.106,0.434
46,157,Hogg Elementary School,77,Garcia,2,Adamson,,3019482.944627233,3019482.9921875,9864.167396460516,HOGG NEW TECH CENTER,110.0,automatic,HOGG NEW TECH CENTER,306,96.1,3.9000000000000057,87.0,80.28356557029247,6.716434429707533,0.8564203992987224,0.8564203992987224,lower SES; academics higher than expected,HOGG NEW TECH CENTER,100.0,exact normalized name,306.0,2906443.0,9498.179739,0.2217501767999574,0.04140127388535038,0.8292682926829268,0.24491609234488984,0.13157572534265388,0.5255092347414421,0.2333331345724236,9498.18,2906443.0,96.1,3.9,87.0,80.28,0.86,0.132,0.526,0.233
47,178,Holland at Lisbon Elementary School,60,Storey,16,SOC,,3329872.9382640887,3329872.89453125,7498.1220871263595,H I HOLLAND EL AT LISBON,110.0,automatic,H I HOLLAND EL AT LISBON,392,99.0,1.0,84.0,80.11296106948805,3.887038930511949,0.49564087430593445,0.49564087430593445,lower SES; academics near expected,H I HOLLAND ELEMENTARY AT LISBON,100.0,exact normalized name,392.0,3077184.0,7849.959184,0.15239105588190877,0.010615711252653927,0.7560975609756098,0.14171901992852354,0.08150338356728135,0.4542443084287593,0.14705503790521615,7849.96,3077184.0,99.0,1.0,84.0,80.11,0.5,0.082,0.454,0.147
48,158,Hooe Elementary School,49,Greiner,18,Sunset,,1686203.8923377872,1686203.88671875,5995.339853443571,LIDA HOOE EL,110.0,automatic,LIDA HOOE EL,389,93.8,6.200000000000003,53.0,80.41887258817181,-27.41887258817181,-3.4962124704767525,3.4962124704767525,lower SES; academics lower than expected,HOOE ELEMENTARY,110.0,fuzzy match,389.0,2841754.0,7305.280206,0.1294703035699579,0.06581740976645438,0.0,1.0,0.09764385666820613,0.06473515178497895,0.5647351517849789,7305.28,2841754.0,93.8,6.2,53.0,80.42,-3.5,0.098,0.065,0.565
49,159,Hotchkiss Elementary School,83,Tasby,28,Conrad,,5617449.224396722,5617449.19140625,14063.001651404427,L L HOTCHKISS EL,110.0,automatic,L L HOTCHKISS EL,500,89.6,10.400000000000006,65.0,80.66595496864716,-15.665954968647156,-1.9975842167536546,1.9975842167536546,higher SES; academics lower than expected,HOTCHKISS ELEMENTARY,110.0,fuzzy match,500.0,4614663.0,9229.326,0.21043648523361816,0.11040339702760091,0.2926829268292683,0.5713336325619734,0.16041994113060953,0.25155970603144323,0.3908850588977958,9229.33,4614663.0,89.6,10.4,65.0,80.67,-2.0,0.16,0.252,0.391
50,161,Mendez Elementary School,52,Piedmont,14,Samuell,,7650033.953510286,7650033.91015625,13895.799983102177,JOHN IRELAND EL,100.0,manual alias,JOHN IRELAND EL,476,96.0,4.0,80.0,80.28944848411331,-0.2894484841133078,-0.03690791430111874,0.03690791430111874,lower SES; academics near expected,,52.63157894736842,unmatched,,,,,0.04246284501061571,0.6585365853658537,0.010503429203585985,,,,,,96.0,4.0,80.0,80.29,-0.04,,,
51,162,Mockingbird Elementary School,53,Long,22,Wilson,,8891877.95708137,8891877.921875,15844.52336592228,MOCKINGBIRD EL,110.0,automatic,MOCKINGBIRD EL,657,19.5,80.5,86.0,84.78987755705704,1.2101224429429607,0.1543041261895688,0.1543041261895688,higher SES; academics near expected,MOCKINGBIRD ELEMENTARY SCHOOL,100.0,exact normalized name,657.0,4511939.0,6867.487062,0.11104743684882984,0.8545647558386411,0.8048780487804879,0.04408334308562141,0.4828060963437355,0.4579627428146589,0.07756538996722562,6867.49,4511939.0,19.5,80.5,86.0,84.79,0.15,0.483,0.458,0.078
52,101,John Adams Elementary School,46,Young Men's Leadership,14,Samuell,,4416776.211073439,4416776.2109375,10062.085934709277,JOHN Q ADAMS EL,110.0,automatic,JOHN Q ADAMS EL,502,92.6,7.400000000000006,75.0,80.48946755402191,-5.489467554021914,-0.6999684198149085,0.6999684198149085,higher SES; academics near expected,J Q ADAMS ELEMENTARY,87.5,fuzzy match,502.0,3004060.0,5984.183267,0.0738769413475307,0.07855626326963912,0.5365853658536586,0.20016469949132437,0.0762166023085849,0.3052311536005946,0.13702082041942754,5984.18,3004060.0,92.6,7.4,75.0,80.49,-0.7,0.076,0.305,0.137
53,163,Cedar Crest Elementary School,51,Lewis,13,Roosevelt,,13331987.590456374,13331987.61328125,19275.049887865087,CEDAR CREST EL,110.0,automatic,CEDAR CREST EL,365,98.9,1.0999999999999943,69.0,80.11884398330889,-11.118843983308892,-1.4177767837361663,1.4177767837361663,lower SES; academics lower than expected,CEDAR CREST ELEMENTARY SCHOOL,100.0,exact normalized name,365.0,4021717.0,11018.40274,0.2857230053324579,0.01167728237791926,0.3902439024390244,0.4054860012313171,0.1487001438551886,0.33798345388574114,0.3456045032818875,11018.4,4021717.0,98.9,1.1,69.0,80.12,-1.42,0.149,0.338,0.346
54,164,Jones Elementary School,68,Quintanilla,18,Sunset,,1424321.957736304,1424321.95703125,5646.453700479467,ANSON JONES EL,110.0,automatic,ANSON JONES EL,508,96.1,3.9000000000000057,79.0,80.28356557029247,-1.2835655702924669,-0.1636689451435372,0.1636689451435372,lower SES; academics near expected,JONES ELEMENTARY,110.0,fuzzy match,508.0,4069653.0,8011.127953,0.15917323324486735,0.04140127388535038,0.6341463414634146,0.0467620480364585,0.10028725356510887,0.396659787354141,0.10296764064066292,8011.13,4069653.0,96.1,3.9,79.0,80.28,-0.16,0.1,0.397,0.103
55,133,Jordan Elementary School,60,Storey,16,SOC,,1272175.491989848,1272175.48046875,5886.003482622528,BARBARA JORDAN EL,110.0,automatic,BARBARA JORDAN EL,445,97.8,2.200000000000003,83.0,80.18355603533816,2.8164439646618433,0.35912805969628225,0.35912805969628225,lower SES; academics near expected,JORDAN ELEMENTARY,110.0,fuzzy match,445.0,3759204.0,8447.649438,0.1775425870122345,0.02335456475583867,0.7317073170731707,0.10267100905452539,0.10044857588403658,0.4546249520427026,0.14010679803337994,8447.65,3759204.0,97.8,2.2,83.0,80.18,0.36,0.1,0.455,0.14
56,279,Junkins Elementary School,56,Walker,21,White,,18725317.001691792,18725316.953125,22295.66818110725,JERRY R JUNKINS EL,110.0,automatic,JERRY R JUNKINS EL,571,79.5,20.5,85.0,81.26012926455215,3.7398707354478518,0.47687528585272376,0.47687528585272376,higher SES; academics near expected,JERRY JUNKINS ELEMENTARY,110.0,fuzzy match,571.0,4606846.0,8068.031524,0.16156780455978326,0.21762208067940553,0.7804878048780488,0.1363513267630635,0.1895949426195944,0.47102780471891603,0.14895956566142338,8068.03,4606846.0,79.5,20.5,85.0,81.26,0.48,0.19,0.471,0.149
57,166,Kiest Elementary School,48,Gaston,1,Adams,,3560358.094400385,3560358.1328125,9030.795498013185,EDWIN J KIEST EL,110.0,automatic,EDWIN J KIEST EL,621,94.8,5.200000000000003,78.0,80.3600434499634,-2.360043449963399,-0.30093189696605155,0.30093189696605155,lower SES; academics near expected,KIEST ELEMENTARY,110.0,fuzzy match,621.0,4061008.0,6539.465378,0.09724388636204565,0.055201698513800454,0.6097560975609756,0.08602462752900421,0.07622279243792304,0.3534999919615106,0.09163425694552493,6539.47,4061008.0,94.8,5.2,78.0,80.36,-0.3,0.076,0.353,0.092
58,167,Kleberg Elementary School,69,Seagoville,15,Seagoville,,15470118.989221664,15470118.97265625,19499.916339392108,KLEBERG EL,110.0,automatic,KLEBERG EL,820,89.1,10.900000000000006,83.0,80.69536953775136,2.304630462248639,0.29386612217710945,0.29386612217710945,higher SES; academics near expected,KLEBERG ELEMENTARY,100.0,exact normalized name,820.0,5606482.0,6837.173171,0.1097717915324386,0.11571125265392787,0.7317073170731707,0.08400353924084049,0.11274152209318324,0.42073955430280463,0.09688766538663954,6837.17,5606482.0,89.1,10.9,83.0,80.7,0.29,0.113,0.421,0.097
59,168,Knight Elementary School,55,Rusk,24,North Dallas,,12147350.897211399,12147350.921875,17201.044475694183,OBADIAH KNIGHT EL,110.0,automatic,OBADIAH KNIGHT EL,332,94.9,5.099999999999994,80.0,80.35416053614256,-0.35416053614255816,-0.04515942364262267,0.04515942364262267,lower SES; academics near expected,KNIGHT ELEMENTARY,110.0,fuzzy match,332.0,2835984.0,8542.120482,0.18151804317565448,0.05414012738853497,0.6585365853658537,0.012863684007614918,0.11782908528209472,0.42002731427075407,0.0971908635916347,8542.12,2835984.0,94.9,5.1,80.0,80.35,-0.05,0.118,0.42,0.097
60,169,Kramer Elementary School,47,Franklin,6,Hillcrest,,8219500.938856371,8219501.0,16361.291345344867,ARTHUR KRAMER EL,110.0,automatic,ARTHUR KRAMER EL,474,69.2,30.799999999999997,82.0,81.86606938809882,0.13393061190117805,0.017077648761877926,0.017077648761877926,higher SES; academics near expected,KRAMER ELEMENTARY,110.0,fuzzy match,474.0,3804884.0,8027.181435,0.15984878324684737,0.32696390658174096,0.7073170731707317,0.004831196698346903,0.24340634491429416,0.4335829282087895,0.08233998997259713,8027.18,3804884.0,69.2,30.8,82.0,81.87,0.02,0.243,0.434,0.082
61,170,Lagow Elementary School,352,Young Women's STEAM,17,Spruce,,6665677.023586119,6665677.0,13213.795508571617,RICHARD LAGOW EL,110.0,automatic,RICHARD LAGOW EL,494,93.1,6.900000000000006,79.0,80.46005298491771,-1.4600529849177093,-0.1861730615294588,0.1861730615294588,higher SES; academics near expected,LAGOW ELEMENTARY,110.0,fuzzy match,494.0,3735832.0,7562.412955,0.14029076165475665,0.07324840764331216,0.6341463414634146,0.053199106592901564,0.10676958464903441,0.38721855155908563,0.0967449341238291,7562.41,3735832.0,93.1,6.9,79.0,80.46,-0.19,0.107,0.387,0.097
62,171,Lakewood Elementary School,53,Long,22,Wilson,,20729097.161609344,20729097.19921875,21348.12340500814,LAKEWOOD EL,110.0,automatic,LAKEWOOD EL,915,5.8,94.2,92.0,85.59583675051233,6.404163249487667,0.8166023363588856,0.8166023363588856,higher SES; academics higher than expected,LAKEWOOD ELEMENTARY,100.0,exact normalized name,915.0,6756171.0,7383.793443,0.13277423585149067,1.0,0.9512195121951219,0.2335265670530543,0.5663871179257454,0.5419968740233063,0.1831504014522725,7383.79,6756171.0,5.8,94.2,92.0,85.6,0.82,0.566,0.542,0.183
63,173,Moroles Elementary School,372,West Dallas,12,Pinkston,,7000474.04113622,7000474.0546875,12736.402644659483,SIDNEY LANIER EXPRESSIVE ARTS VANGUARD,100.0,manual alias,SIDNEY LANIER EXPRESSIVE ARTS VANGUARD,637,79.6,20.400000000000006,80.0,81.25424635073131,-1.2542463507313073,-0.15993041721082446,0.15993041721082446,higher SES; academics near expected,,53.333333333333336,unmatched,,,,,0.2165605095541402,0.6585365853658537,0.04569268264547498,,,,,,79.6,20.4,80.0,81.25,-0.16,,,
64,177,Lipscomb Elementary School,53,Long,22,Wilson,,3055728.268050461,3055728.27734375,7905.456029220647,WILLIAM LIPSCOMB EL,110.0,automatic,WILLIAM LIPSCOMB EL,411,72.5,27.5,82.0,81.67193323201106,0.3280667679889433,0.041832176786391506,0.041832176786391506,higher SES; academics near expected,LIPSCOMB ELEMENTARY,110.0,fuzzy match,411.0,3444680.0,8381.216545,0.17474701026460507,0.291932059447983,0.7073170731707317,0.011911961110434214,0.23333953485629405,0.44103204171766835,0.09332948568751964,8381.22,3444680.0,72.5,27.5,82.0,81.67,0.04,0.233,0.441,0.093
65,176,Lowe Sr Elementary School,83,Tasby,28,Conrad,,731316.9208551056,731316.93359375,4340.78908731054,JACK LOWE SR EL,110.0,automatic,JACK LOWE SR EL,556,98.0,2.0,94.0,80.17179020769647,13.828209792303525,1.7632511827301172,1.7632511827301172,lower SES; academics higher than expected,JACK LOWE SR ELEMENTARY,100.0,exact normalized name,556.0,4227077.0,7602.656475,0.14198425780815702,0.021231422505307854,1.0,0.5043052082572481,0.08160784015673243,0.5709921289040785,0.3231447330327026,7602.66,4227077.0,98.0,2.0,94.0,80.17,1.76,0.082,0.571,0.323
66,180,Macon Elementary School,45,Comstock,17,Spruce,,3733158.6097337757,3733158.6015625,9482.768495876307,B H MACON EL,110.0,automatic,B H MACON EL,502,92.2,7.799999999999997,74.0,80.51299920930528,-6.512999209305278,-0.830480136721647,0.830480136721647,higher SES; academics lower than expected,MACON ELEMENTARY,110.0,fuzzy match,502.0,4018427.0,8004.834661,0.15890840388117786,0.0828025477707006,0.5121951219512195,0.23749616141693733,0.12085547582593922,0.3355517629161987,0.1982022826490576,8004.83,4018427.0,92.2,7.8,74.0,80.51,-0.83,0.121,0.336,0.198
67,181,Maple Lawn Elementary School,55,Rusk,24,North Dallas,,31722925.036892258,31722924.99609375,31662.049317615983,MAPLE LAWN EL,110.0,automatic,MAPLE LAWN EL,552,95.7,4.299999999999997,81.0,80.30709722557583,0.6929027744241694,0.08835284211557172,0.08835284211557172,lower SES; academics near expected,MAPLE LAWN ELEMENTARY,100.0,exact normalized name,552.0,4176558.0,7566.228261,0.14045131436075867,0.04564755838641186,0.6829268292682927,0.025218693162173903,0.09304943637358526,0.4116890718145257,0.08283500376146628,7566.23,4176558.0,95.7,4.3,81.0,80.31,0.09,0.093,0.412,0.083
68,182,Marcus Elementary School,54,Marsh,21,White,,2780188.901843281,2780188.9765625,7320.822635911624,HERBERT MARCUS EL,110.0,automatic,HERBERT MARCUS EL,636,96.4,3.5999999999999943,69.0,80.26591682882993,-11.26591682882993,-1.4365302140577678,1.4365302140577678,lower SES; academics lower than expected,,66.66666666666666,unmatched,,,,,0.038216560509554076,0.3902439024390244,0.4108502166950197,,,,,,96.4,3.6,69.0,80.27,-1.44,,,
69,183,Marsalis Elementary School,60,Storey,16,SOC,,9213230.56468442,9213230.60546875,13901.512288195447,THOMAS L MARSALIS EL STEAM ACADEMY,110.0,automatic,THOMAS L MARSALIS EL STEAM ACADEMY,415,91.6,8.400000000000006,83.0,80.54829669223032,2.4517033077696766,0.3126195524987111,0.3126195524987111,higher SES; academics near expected,THOMAS L MARSALIS ELEMENTARY STEAM ACADEMY,100.0,exact normalized name,415.0,3414318.0,8227.272289,0.16826884917496682,0.08917197452229306,0.7317073170731707,0.08936775470454313,0.12872041184862992,0.4499880831240688,0.12881830193975496,8227.27,3414318.0,91.6,8.4,83.0,80.55,0.31,0.129,0.45,0.129
70,264,McNair Elementary School,42,Bedford Law,23,Carter,,7276948.661986797,7276948.64453125,14258.374904329257,RONALD E MCNAIR EL,110.0,automatic,RONALD E MCNAIR EL,419,95.0,5.0,79.0,80.34827762232172,-1.3482776223217172,-0.17192045448504112,0.17192045448504112,lower SES; academics near expected,MCNAIR ELEMENTARY,110.0,fuzzy match,419.0,4090110.0,9761.599045,0.23283518083147342,0.053078556263269634,0.6341463414634146,0.049122302840487436,0.14295686854737152,0.433490761147444,0.14097874183598041,9761.6,4090110.0,95.0,5.0,79.0,80.35,-0.17,0.143,0.433,0.141
71,286,McShan Jr Elementary School,83,Tasby,28,Conrad,,3583959.4980659834,3583959.4375,11479.245242253228,LEE A MCSHAN JR EL,110.0,automatic,LEE A MCSHAN JR EL,534,97.0,3.0,84.0,80.23061934590488,3.769380654095116,0.4806381300486528,0.4806381300486528,lower SES; academics near expected,LEE MCSHAN JR ELEMENTARY,110.0,fuzzy match,534.0,4509508.0,8444.771536,0.1774214814040058,0.03184713375796178,0.7560975609756098,0.13742764755756134,0.10463430758098378,0.4667595211898078,0.15742456448078357,8444.77,4509508.0,97.0,3.0,84.0,80.23,0.48,0.105,0.467,0.157
72,283,Medrano Elementary School,55,Rusk,24,North Dallas,,11988840.443866476,11988840.46484375,20133.237230472627,ESPERANZA MEDRANO EL,110.0,automatic,ESPERANZA MEDRANO EL,345,90.1,9.900000000000006,74.0,80.63654039954295,-6.636540399542952,-0.8462330181917926,0.8462330181917926,higher SES; academics lower than expected,MEDRANO ELEMENTARY,110.0,fuzzy match,345.0,3434868.0,9956.13913,0.24102166366472652,0.10509554140127395,0.5121951219512195,0.2420021024064476,0.17305860253300023,0.37660839280797304,0.24151188303558707,9956.14,3434868.0,90.1,9.9,74.0,80.64,-0.85,0.173,0.377,0.242
73,184,Milam Elementary School,58,Spence,24,North Dallas,,15582726.98938767,15582726.9296875,27300.9721389418,BEN MILAM EL,110.0,automatic,BEN MILAM EL,274,84.7,15.299999999999997,65.0,80.95421774586839,-15.954217745868391,-2.034340940183994,2.034340940183994,higher SES; academics lower than expected,MILAM ELEMENTARY,110.0,fuzzy match,274.0,2571997.0,9386.850365,0.21706530165410862,0.16242038216560506,0.2926829268292683,0.5818474948708307,0.18974284190985685,0.25487411424168843,0.39945639826246965,9386.85,2571997.0,84.7,15.3,65.0,80.95,-2.03,0.19,0.255,0.399
74,185,Miller Elementary School,51,Lewis,13,Roosevelt,,7737604.895442808,7737604.890625,15823.929289407937,WILLIAM B MILLER EL,110.0,automatic,WILLIAM B MILLER EL,254,97.6,2.4000000000000057,76.0,80.19532186297984,-4.195321862979839,-0.5349503911164228,0.5349503911164228,lower SES; academics near expected,MILLER ELEMENTARY,110.0,fuzzy match,254.0,2694677.0,10608.96457,0.26849335032339605,0.025477707006369487,0.5609756097560976,0.1529630811124985,0.14698552866488276,0.41473448003974683,0.21072821571794728,10608.96,2694677.0,97.6,2.4,76.0,80.2,-0.53,0.147,0.415,0.211
75,272,Moreno Elementary School,100,"Holmes, Z",8,Kimball,,3619972.975237493,3619972.96875,10714.323688637918,MARIA MORENO STEAM ACADEMY,110.0,automatic,MARIA MORENO STEAM ACADEMY,338,94.4,5.599999999999994,86.0,80.38357510524676,5.616424894753237,0.7161568986247521,0.7161568986247521,lower SES; academics near expected,MARIA MORENO STEAM ACADEMY,100.0,exact normalized name,338.0,3101186.0,9175.106509,0.20815486326198582,0.059447983014861934,0.8048780487804879,0.2047952383781518,0.1338014231384239,0.5065164560212368,0.2064750508200688,9175.11,3101186.0,94.4,5.6,86.0,80.38,0.72,0.134,0.507,0.206
76,187,Moseley Elementary School,352,Young Women's STEAM,17,Spruce,,14347005.780107146,14347005.828125,22257.524394478958,NANCY MOSELEY EL,110.0,automatic,NANCY MOSELEY EL,655,95.6,4.400000000000006,85.0,80.31298013939667,4.687019860603328,0.5976473771238375,0.5976473771238375,lower SES; academics near expected,MOSELEY ELEMENTARY,110.0,fuzzy match,655.0,4670218.0,7130.103817,0.12209866856044417,0.04670912951167734,0.7804878048780488,0.17089687434930823,0.08440389903606076,0.4512932367192465,0.1464977714548762,7130.1,4670218.0,95.6,4.4,85.0,80.31,0.6,0.084,0.451,0.146
77,188,Mount Auburn Elementary School,53,Long,22,Wilson,,6948281.276215465,6948281.2734375,18254.97929071759,MOUNT AUBURN STEAM ACADEMY,110.0,automatic,MOUNT AUBURN STEAM ACADEMY,516,90.7,9.299999999999997,89.0,80.6012429166179,8.398757083382094,1.070935325914628,1.070935325914628,higher SES; academics higher than expected,MOUNT AUBURN STEAM ACADEMY,100.0,exact normalized name,516.0,4154993.0,8052.312016,0.1609063085889699,0.09872611464968149,0.8780487804878049,0.3062757618461334,0.1298162116193257,0.5194775445383873,0.23359103521755165,8052.31,4154993.0,90.7,9.3,89.0,80.6,1.07,0.13,0.519,0.234
78,233,Nathan Adams Elementary School,56,Walker,21,White,,10398297.965041932,10398297.98828125,15851.279366184493,NATHAN ADAMS EL,110.0,automatic,NATHAN ADAMS EL,426,93.2,6.799999999999997,81.0,80.45417007109687,0.5458299289031316,0.06959941179397008,0.06959941179397008,higher SES; academics near expected,NATHAN ADAMS ELEMENTARY,100.0,exact normalized name,426.0,3095741.0,7266.997653,0.12785932728737015,0.07218683651804668,0.6829268292682927,0.019854477698471273,0.10002308190270842,0.40539307827783144,0.0738569024929207,7267.0,3095741.0,93.2,6.8,81.0,80.45,0.07,0.1,0.405,0.074
79,189,Oliver Elementary School,60,Storey,16,SOC,,6019610.184883026,6019610.19140625,12076.082396352103,CLARA OLIVER EL,110.0,automatic,CLARA OLIVER EL,212,95.8,4.200000000000003,84.0,80.30121431175499,3.6987856882450103,0.47163648349428305,0.47163648349428305,lower SES; academics near expected,OLIVER ELEMENTARY,110.0,fuzzy match,212.0,2343656.0,11054.98113,0.28726226836816104,0.04458598726114653,0.7560975609756098,0.13485282413498378,0.1659241278146538,0.5216799146718853,0.21105754625157241,11054.98,2343656.0,95.8,4.2,84.0,80.3,0.47,0.166,0.522,0.211
80,192,Peeler Elementary School,77,Garcia,2,Adamson,,1297857.4192535551,1297857.41796875,5416.727429962527,JOHN F PEELER EL,110.0,automatic,JOHN F PEELER EL,263,91.6,8.400000000000006,85.0,80.54829669223032,4.451703307769677,0.567641888609276,0.567641888609276,higher SES; academics near expected,PEELER ELEMENTARY,110.0,fuzzy match,263.0,2877448.0,10940.86692,0.28246020394429056,0.08917197452229306,0.7804878048780488,0.1623141296073843,0.1858160892332918,0.5314740044111697,0.22238716677583742,10940.87,2877448.0,91.6,8.4,85.0,80.55,0.57,0.186,0.531,0.222
81,193,Pershing Elementary School,47,Franklin,6,Hillcrest,,21079026.347325806,21079026.33984375,34899.364808024584,JOHN J PERSHING EL,110.0,automatic,JOHN J PERSHING EL,393,91.6,8.400000000000006,86.0,80.54829669223032,5.451703307769677,0.6951530566645584,0.6951530566645584,higher SES; academics near expected,PERSHING ELEMENTARY,110.0,fuzzy match,393.0,3906395.0,9939.936387,0.24033983257875208,0.08917197452229306,0.8048780487804879,0.1987873170588049,0.16475590355052255,0.5226089406796199,0.21956357481877847,9939.94,3906395.0,91.6,8.4,86.0,80.55,0.7,0.165,0.523,0.22
82,273,Pleasant Grove Elementary School,46,Young Men's Leadership,14,Samuell,,3711502.75462085,3711502.72265625,7709.918675181003,PLEASANT GROVE EL,110.0,automatic,PLEASANT GROVE EL,450,96.4,3.5999999999999943,84.0,80.26591682882993,3.73408317117007,0.4761373067714688,0.4761373067714688,lower SES; academics near expected,PLEASANT GROVE ELEMENTARY,100.0,exact normalized name,450.0,3523858.0,7830.795556,0.1515846271623734,0.038216560509554076,0.7560975609756098,0.13614023584627283,0.09490059383596373,0.4538410940689916,0.1438624315043231,7830.8,3523858.0,96.4,3.6,84.0,80.27,0.48,0.095,0.454,0.144
83,194,Polk Elementary School,79,Medrano,7,Jefferson,,20954661.471009165,20954661.49609375,20601.71217528489,K B POLK CENTER FOR ACADEMICALLY TALENTED & GIFTED,100.0,manual alias,K B POLK CENTER FOR ACADEMICALLY TALENTED & GIFTED,444,84.7,15.299999999999997,69.0,80.95421774586839,-11.954217745868391,-1.5242962679628642,1.5242962679628642,higher SES; academics lower than expected,MARK TWAIN SCHOOL FOR THE TALENTED AND GIFTED,80.7017543859649,fuzzy match,158.0,2426891.0,15360.06962,0.4684256158552392,0.16242038216560506,0.3902439024390244,0.43595474506514825,0.31542299901042214,0.4293347591471318,0.4521901804601937,15360.07,2426891.0,84.7,15.3,69.0,80.95,-1.52,0.315,0.429,0.452
84,195,Preston Hollow Elementary School,47,Franklin,6,Hillcrest,,15601690.25116798,15601690.23828125,20111.909417374474,PRESTON HOLLOW EL,110.0,automatic,PRESTON HOLLOW EL,452,76.8,23.200000000000003,81.0,81.41896793771487,-0.41896793771486784,-0.05342309111573562,0.05342309111573562,higher SES; academics near expected,PRESTON HOLLOW ELEMENTARY,100.0,exact normalized name,452.0,3404928.0,7533.026549,0.13905414603258293,0.24628450106157115,0.6829268292682927,0.015227416513401258,0.19266932354707705,0.41099048765043783,0.07714078127299209,7533.03,3404928.0,76.8,23.2,81.0,81.42,-0.05,0.193,0.411,0.077
85,197,Bishop Arts Elementary School,77,Garcia,2,Adamson,,862960.6888672452,862960.703125,3736.0474012304567,JOHN H REAGAN EL,100.0,manual alias,JOHN H REAGAN EL,275,96.7,3.299999999999997,88.0,80.2482680873674,7.751731912632593,0.9884323906311906,0.9884323906311906,lower SES; academics higher than expected,,52.63157894736842,unmatched,,,,,0.03503184713375793,0.8536585365853658,0.28267669150759944,,,,,,96.7,3.3,88.0,80.25,0.99,,,
86,198,Reilly Elementary School,50,Hill,1,Adams,,7157775.9109781645,7157775.9296875,12591.530983686309,MARTHA TURNER REILLY EL,100.0,manual alias,MARTHA TURNER REILLY EL,502,76.7,23.299999999999997,83.0,81.42485085153571,1.5751491484642912,0.20084910778196527,0.20084910778196527,higher SES; academics near expected,REILLY ELEMENTARY,110.0,fuzzy match,502.0,3689752.0,7350.103586,0.13135652578939602,0.2473460721868365,0.7317073170731707,0.0573970305408754,0.18935129898811626,0.4315319214312834,0.0943767781651357,7350.1,3689752.0,76.7,23.3,83.0,81.42,0.2,0.189,0.432,0.094
87,199,Reinhardt Elementary School,48,Gaston,1,Adams,,7894666.516106202,7894666.5078125,11457.766398767166,REINHARDT EL,110.0,automatic,REINHARDT EL,443,90.7,9.299999999999997,87.0,80.6012429166179,6.398757083382094,0.8159129898040631,0.8159129898040631,higher SES; academics higher than expected,REINHARDT ELEMENTARY,100.0,exact normalized name,443.0,3764793.0,8498.404063,0.17967840321829143,0.09872611464968149,0.8292682926829268,0.23332938694329222,0.13920225893398647,0.5044733479506092,0.2065038950807918,8498.4,3764793.0,90.7,9.3,87.0,80.6,0.82,0.139,0.504,0.207
88,307,Thompson Elementary School,62,Dade,9,Lincoln,,13442948.90672927,13442948.9453125,21981.64435471218,H S THOMPSON LEARNING CENTER,110.0,automatic,H S THOMPSON LEARNING CENTER,500,95.8,4.200000000000003,59.0,80.30121431175499,-21.30121431175499,-2.716142717887778,2.716142717887778,lower SES; academics lower than expected,H S THOMPSON ELEMENTARY,100.0,exact normalized name,500.0,3780824.0,7561.648,0.1402585714201543,0.04458598726114653,0.14634146341463414,0.7768695029205147,0.09242227934065042,0.14330001741739423,0.4585640371703345,7561.65,3780824.0,95.8,4.2,59.0,80.3,-2.72,0.092,0.143,0.459
89,201,Rice Learning Center,62,Dade,9,Lincoln,,5740597.04462072,5740597.07421875,15365.781575924451,CHARLES RICE LEARNING CENTER,110.0,automatic,CHARLES RICE LEARNING CENTER,470,96.4,3.5999999999999943,85.0,80.26591682882993,4.73408317117007,0.6036484748267513,0.6036484748267513,lower SES; academics near expected,RICE ELEMENTARY,110.0,fuzzy match,470.0,4047610.0,8611.93617,0.18445597204159367,0.038216560509554076,0.7804878048780488,0.1726134232976934,0.11133626627557387,0.48247188845982125,0.17853469766964353,8611.94,4047610.0,96.4,3.6,85.0,80.27,0.6,0.111,0.482,0.179
90,303,Richardson Elementary School,52,Piedmont,14,Samuell,,10240680.839053689,10240680.88671875,19484.84246009663,THELMA ELIZABETH PAGE RICHARDSON EL,100.0,manual alias,THELMA ELIZABETH PAGE RICHARDSON EL,503,93.2,6.799999999999997,73.0,80.45417007109687,-7.454170071096868,-0.9504899326482895,0.9504899326482895,higher SES; academics lower than expected,THELMA E P RICHARDSON ELEMENTARY SCHOOL,89.47368421052632,fuzzy match,503.0,3778780.0,7512.485089,0.13818973647061547,0.07218683651804668,0.4878048780487805,0.27182366268287705,0.10518828649433107,0.312997307259698,0.20500669957674628,7512.49,3778780.0,93.2,6.8,73.0,80.45,-0.95,0.105,0.313,0.205
91,174,Geneva Heights Elementary School,53,Long,22,Wilson,,6461019.855641488,6461019.84765625,13223.878113482939,GENEVA HEIGHTS EL,110.0,automatic,GENEVA HEIGHTS EL,514,43.8,56.2,72.0,83.36032949859256,-11.360329498592563,-1.4485688838584188,1.4485688838584188,higher SES; academics lower than expected,GENEVA HEIGHTS ELEMENTARY SCHOOL,100.0,exact normalized name,514.0,3751493.0,7298.624514,0.12919022397452942,0.5966029723991507,0.4634146341463415,0.4142937476970613,0.36289659818684006,0.29630242906043547,0.27174198583579534,7298.62,3751493.0,43.8,56.2,72.0,83.36,-1.45,0.363,0.296,0.272
92,202,Roberts Elementary School,53,Long,22,Wilson,,4103053.974700806,4103053.9921875,8592.667443743452,ORAN M ROBERTS EL,110.0,automatic,ORAN M ROBERTS EL,413,93.7,6.299999999999997,59.0,80.42475550199265,-21.42475550199265,-2.731895599357922,2.731895599357922,lower SES; academics lower than expected,ROBERTS ELEMENTARY SCHOOL,110.0,fuzzy match,413.0,3053517.0,7393.503632,0.1331828523870296,0.06687898089171972,0.14634146341463414,0.7813754439100246,0.10003091663937466,0.13976215790083185,0.4572791481485271,7393.5,3053517.0,93.7,6.3,59.0,80.42,-2.73,0.1,0.14,0.457
93,203,Rogers Elementary School,47,Franklin,6,Hillcrest,,6463058.969742526,6463058.96484375,13024.928671073569,DAN D ROGERS EL,110.0,automatic,DAN D ROGERS EL,460,74.8,25.200000000000003,94.0,81.5366262141317,12.4633737858683,1.5892193493456546,1.5892193493456546,higher SES; academics higher than expected,ROGERS ELEMENTARY,110.0,fuzzy match,460.0,3839009.0,8345.671739,0.17325124169778083,0.267515923566879,1.0,0.4545252887540879,0.2203835826323299,0.5866256208488905,0.3138882652259344,8345.67,3839009.0,74.8,25.2,94.0,81.54,1.59,0.22,0.587,0.314
94,204,Rosemont Primary School,49,Greiner,18,Sunset,,8837752.176611964,8837752.171875,15820.432526841762,ROSEMONT LOWER - CHRIS V SEMOS BUILDING,100.0,manual alias,ROSEMONT LOWER - CHRIS V SEMOS BUILDING,824,62.1,37.9,86.0,82.28375626937857,3.7162437306214287,0.47386257886965877,0.47386257886965877,higher SES; academics near expected,ROSEMONT LOWER CHRIS V SEMOS BUILDING,100.0,exact normalized name,824.0,3484369.0,4228.603155,0.0,0.40233545647558383,0.8048780487804879,0.13548957458711375,0.20116772823779192,0.4024390243902439,0.06774478729355687,4228.6,3484369.0,62.1,37.9,86.0,82.28,0.47,0.201,0.402,0.068
95,237,Runyon Elementary School,46,Young Men's Leadership,14,Samuell,,4490218.704449209,4490218.71484375,8754.153417413629,JOHN W RUNYON EL,110.0,automatic,JOHN W RUNYON EL,482,91.3,8.700000000000003,76.0,80.56594543369285,-4.565945433692846,-0.582209035526858,0.582209035526858,higher SES; academics near expected,RUNYON ELEMENTARY,110.0,fuzzy match,482.0,3516896.0,7296.46473,0.12909933764311068,0.0923566878980892,0.5609756097560976,0.16648090408102886,0.11072801277059993,0.34503747369960414,0.14779012086206977,7296.46,3516896.0,91.3,8.7,76.0,80.57,-0.58,0.111,0.345,0.148
96,205,Russell Elementary School,60,Storey,16,SOC,,3517068.9967447002,3517069.01171875,10752.962546402903,CLINTON P RUSSELL EL,110.0,automatic,CLINTON P RUSSELL EL,564,95.7,4.299999999999997,76.0,80.30709722557583,-4.307097225575831,-0.5492029981608405,0.5492029981608405,lower SES; academics near expected,RUSSELL ELEMENTARY,110.0,fuzzy match,564.0,3902545.0,6919.406028,0.11323224993698726,0.04564755838641186,0.5609756097560976,0.15703988486491263,0.07943990416169956,0.3371039298465424,0.13513606740094994,6919.41,3902545.0,95.7,4.3,76.0,80.31,-0.55,0.079,0.337,0.135
97,239,Salazar Elementary School,59,Stockard,5,Molina,,2163766.804592575,2163766.8203125,8578.826724812801,ARTURO SALAZAR EL,110.0,automatic,ARTURO SALAZAR EL,431,93.0,7.0,78.0,80.46593589873855,-2.4659358987385502,-0.3144343667976052,0.3144343667976052,higher SES; academics near expected,ARTURO SALAZAR ELEMENTARY,100.0,exact normalized name,431.0,3433096.0,7965.419954,0.15724978518450564,0.07430997876857749,0.6097560975609756,0.08988686266287024,0.11577988197654157,0.3835029413727406,0.12356832392368794,7965.42,3433096.0,93.0,7.0,78.0,80.47,-0.31,0.116,0.384,0.124
98,207,San Jacinto Elementary School,52,Piedmont,14,Samuell,,2691194.7897570557,2691194.71875,10252.016461992556,SAN JACINTO EL,110.0,automatic,SAN JACINTO EL,413,96.1,3.9000000000000057,82.0,80.28356557029247,1.7164344297075331,0.21886455902231014,0.21886455902231014,lower SES; academics near expected,SAN JACINTO ELEMENTARY,100.0,exact normalized name,753.0,3503972.0,4653.34927,0.01787383190944152,0.04140127388535038,0.7073170731707317,0.06255015508778684,0.029637552897395947,0.36259545254008657,0.04021199349861418,4653.35,3503972.0,96.1,3.9,82.0,80.28,0.22,0.03,0.363,0.04
99,206,Sanger Elementary School,48,Gaston,1,Adams,,11548174.270356279,11548174.2734375,14817.767064812719,ALEX SANGER PREPARATORY SCHOOL,110.0,automatic,ALEX SANGER PREPARATORY SCHOOL,753,70.0,30.0,83.0,81.8190060775321,1.1809939224679056,0.1505899145200723,0.1505899145200723,higher SES; academics near expected,ALEXANDER ELEMENTARY,80.0,fuzzy match,289.0,2852599.0,9870.584775,0.23742143259400633,0.3184713375796178,0.7317073170731707,0.043020933098152185,0.2779463850868121,0.4845643748335885,0.14022118284607926,9870.58,2852599.0,70.0,30.0,83.0,81.82,0.15,0.278,0.485,0.14
100,208,Seagoville Elementary School,69,Seagoville,15,Seagoville,,128320235.6521519,128320235.65625,57078.54800906428,SEAGOVILLE EL,100.0,manual alias,SEAGOVILLE EL,588,92.2,7.799999999999997,83.0,80.51299920930528,2.4870007906947222,0.3171203757758951,0.3171203757758951,higher SES; academics near expected,SEAGOVILLE ELEMENTARY,100.0,exact normalized name,588.0,4819087.0,8195.72619,0.16694135105076474,0.0828025477707006,0.7317073170731707,0.09065516641583164,0.12487194941073268,0.4493243340619677,0.1287982587332982,8195.73,4819087.0,92.2,7.8,83.0,80.51,0.32,0.125,0.449,0.129
101,244,Seagoville North Elementary,69,Seagoville,15,Seagoville,,15794173.902773377,15794173.8984375,21221.589452583128,SEAGOVILLE NORTH EL,100.0,manual alias,SEAGOVILLE NORTH EL,758,90.5,9.5,77.0,80.61300874425959,-3.613008744259588,-0.4606989651744893,0.4606989651744893,higher SES; academics near expected,SEAGOVILLE NORTH ELEMENTARY SCHOOL,100.0,exact normalized name,758.0,5308948.0,7003.889182,0.11678740356982378,0.1008492569002123,0.5853658536585366,0.1317242655779935,0.10881833023501805,0.35107662861418015,0.12425583457390864,7003.89,5308948.0,90.5,9.5,77.0,80.61,-0.46,0.109,0.351,0.124
102,287,Soto Jr Elementary School,59,Stockard,5,Molina,,6336005.11388501,6336005.0859375,18055.396049941035,CELESTINO MAURICIO SOTO JR EL,110.0,automatic,CELESTINO MAURICIO SOTO JR EL,476,93.1,6.900000000000006,81.0,80.46005298491771,0.5399470150822907,0.0688492745811061,0.0688492745811061,higher SES; academics near expected,,66.66666666666666,unmatched,,,,,0.07324840764331216,0.6829268292682927,0.019639909079923187,,,,,,93.1,6.9,81.0,80.46,0.07,,,
103,263,Starks Elementary School,51,Lewis,13,Roosevelt,,9912265.924190259,9912265.875,17397.09641517952,J P STARKS EL,110.0,automatic,J P STARKS EL,240,97.1,2.9000000000000057,88.0,80.22473643208404,7.775263567915957,0.9914329394826465,0.9914329394826465,lower SES; academics higher than expected,,45.45454545454545,unmatched,,,,,0.03078556263269645,0.8536585365853658,0.2835349659817918,,,,,,97.1,2.9,88.0,80.22,0.99,,,
104,210,Stemmons Elementary School,43,Browne,8,Kimball,,18869410.0215341,18869410.00390625,29444.897666280554,LESLIE A STEMMONS EL,110.0,automatic,LESLIE A STEMMONS EL,617,91.7,8.299999999999997,81.0,80.54241377840948,0.45758622159051754,0.0583473536010102,0.0583473536010102,higher SES; academics near expected,STEMMONS ELEMENTARY,110.0,fuzzy match,617.0,4278170.0,6933.824959,0.11383901604951031,0.08811040339702757,0.6829268292682927,0.016635948420250003,0.10097470972326894,0.3983829226589015,0.06523748223488016,6933.82,4278170.0,91.7,8.3,81.0,80.54,0.06,0.101,0.398,0.065
105,211,Stevens Park Elementary School,68,Quintanilla,12,Pinkston,,8999866.690748803,8999866.66796875,12968.034578613446,STEVENS PARK EL,110.0,automatic,STEVENS PARK EL,656,97.3,2.700000000000003,79.0,80.21297060444236,-1.2129706044423614,-0.15466729858916747,0.15466729858916747,lower SES; academics near expected,STEVENS PARK ELEMENTARY,100.0,exact normalized name,656.0,4818239.0,7344.876524,0.13113656467787832,0.028662420382165633,0.6341463414634146,0.04418722461388097,0.07989949253002197,0.38264145307064645,0.08766189464587965,7344.88,4818239.0,97.3,2.7,79.0,80.21,-0.15,0.08,0.383,0.088
106,141,Stone Elementary School at Vickery Meadow,83,Tasby,28,Conrad,,752050.5044081486,752050.4921875,4952.557773747808,JILL STONE EL AT VICKERY MEADOW,110.0,automatic,JILL STONE EL AT VICKERY MEADOW,399,95.7,4.299999999999997,62.0,80.30709722557583,-18.30709722557583,-2.3343593509347946,2.3343593509347946,lower SES; academics lower than expected,JILL STONE ELEMENTARY AT VICKERY MEADOW,100.0,exact normalized name,399.0,3496717.0,8763.701754,0.19084245196985436,0.04564755838641186,0.21951219512195122,0.667664509184801,0.1182450051781331,0.2051773235459028,0.4292534805773277,8763.7,3496717.0,95.7,4.3,62.0,80.31,-2.33,0.118,0.205,0.429
107,155,Tatum Jr Elementary School,353,Richards,25,Skyline,,4784564.161491732,4784564.1640625,9300.222029159911,C A TATUM JR EL,110.0,automatic,C A TATUM JR EL,425,96.5,3.5,59.0,80.26003391500909,-21.26003391500909,-2.7108917573977283,2.7108917573977283,lower SES; academics lower than expected,C A TATUM JR ELEMENTARY,100.0,exact normalized name,425.0,3263077.0,7677.828235,0.14514757668295564,0.037154989384288746,0.14634146341463414,0.7753675225906776,0.09115128303362219,0.1457445200487949,0.46025754963681664,7677.83,3263077.0,96.5,3.5,59.0,80.26,-2.71,0.091,0.146,0.46
108,213,Terry Elementary School,42,Bedford Law,23,Carter,,3698250.7788027376,3698250.77734375,8845.281889095297,T G TERRY EL,110.0,automatic,T G TERRY EL,282,92.9,7.099999999999994,81.0,80.47181881255939,0.5281811874406088,0.0673490001553781,0.0673490001553781,higher SES; academics near expected,TERRY ELEMENTARY,110.0,fuzzy match,282.0,3021156.0,10713.31915,0.27288471767445555,0.07537154989384283,0.6829268292682927,0.019210771842827018,0.17412813378414918,0.47790577347137414,0.1460477447586413,10713.32,3021156.0,92.9,7.1,81.0,80.47,0.07,0.174,0.478,0.146
109,215,Fridia Elementary School,60,Storey,16,SOC,,8391755.70648677,8391755.69921875,12115.283664712872,R L THORNTON EL,100.0,manual alias,R L THORNTON EL,200,97.5,2.5,85.0,80.20120477680068,4.7987952231993205,0.6118999841682552,0.6118999841682552,lower SES; academics near expected,,58.333333333333336,unmatched,,,,,0.026539278131634817,0.7804878048780488,0.17497367810172235,,,,,,97.5,2.5,85.0,80.2,0.61,,,
110,216,Titche Elementary School,46,Young Men's Leadership,14,Samuell,,4518372.552407816,4518372.56640625,10541.628608226723,EDWARD TITCHE EL,110.0,automatic,EDWARD TITCHE EL,692,97.8,2.200000000000003,85.0,80.18355603533816,4.816443964661843,0.6141503958068472,0.6141503958068472,lower SES; academics near expected,TITCHE ELEMENTARY,110.0,fuzzy match,692.0,5520009.0,7976.891618,0.157732526725432,0.02335456475583867,0.7804878048780488,0.1756173839573666,0.09054354574063533,0.4691101658017404,0.1666749553413993,7976.89,5520009.0,97.8,2.2,85.0,80.18,0.61,0.091,0.469,0.167
111,277,Tolbert Elementary School,43,Browne,8,Kimball,,6919511.659989587,6919511.703125,14928.861993430151,THOMAS TOLBERT EL,110.0,automatic,THOMAS TOLBERT EL,368,96.7,3.299999999999997,77.0,80.2482680873674,-3.248268087367407,-0.41419045797691634,0.41419045797691634,lower SES; academics near expected,TOLBERT ELEMENTARY,110.0,fuzzy match,368.0,2705538.0,7352.005435,0.1314365579030344,0.03503184713375793,0.5853658536585366,0.11842101122801069,0.08323420251839617,0.3584012057807855,0.12492878456552255,7352.01,2705538.0,96.7,3.3,77.0,80.25,-0.41,0.083,0.358,0.125
112,218,Truett Elementary School,76,Lang,25,Skyline,,4613226.843495104,4613226.8359375,10093.698934592383,GEORGE W TRUETT EL,110.0,automatic,GEORGE W TRUETT EL,886,94.9,5.099999999999994,84.0,80.35416053614256,3.645839463857442,0.4648852485785071,0.4648852485785071,lower SES; academics near expected,TRUETT ELEMENTARY,110.0,fuzzy match,886.0,7117768.0,8033.598194,0.16011880825171265,0.05414012738853497,0.7560975609756098,0.13292170656805102,0.10712946782012381,0.4581081846136612,0.14652025740988184,8033.6,7117768.0,94.9,5.1,84.0,80.35,0.46,0.107,0.458,0.147
113,175,Umphrey Lee Elementary School,42,Bedford Law,23,Carter,,5161105.743251516,5161105.7265625,15146.942547815554,UMPHREY LEE EL,110.0,automatic,UMPHREY LEE EL,408,98.3,1.7000000000000028,80.0,80.15414146623395,-0.15414146623395197,-0.019654758405245096,0.019654758405245096,lower SES; academics near expected,,75.0,unmatched,,,,,0.018046709129511708,0.6585365853658537,0.005568350976979523,,,,,,98.3,1.7,80.0,80.15,-0.02,,,
114,224,Walnut Hill Elementary School,79,Medrano,7,Jefferson,,9499673.125198096,9499673.109375,14071.156608352823,WALNUT HILL EL,110.0,automatic,WALNUT HILL EL,380,74.5,25.5,83.0,81.55427495559422,1.4457250444057763,0.1843460890989556,0.1843460890989556,higher SES; academics near expected,,63.63636363636363,unmatched,,,,,0.27070063694267515,0.7317073170731707,0.05267652093281702,,,,,,74.5,25.5,83.0,81.55,0.18,,,
115,225,Webster Elementary School,43,Browne,8,Kimball,,15302463.653123558,15302463.6484375,23013.916634303125,DANIEL WEBSTER EL,110.0,automatic,DANIEL WEBSTER EL,340,94.4,5.599999999999994,77.0,80.38357510524676,-3.383575105246763,-0.43144361387278996,0.43144361387278996,lower SES; academics near expected,WEBSTER ELEMENTARY,110.0,fuzzy match,340.0,3151697.0,9269.697059,0.21213534838289536,0.059447983014861934,0.5853658536585366,0.12335608945461714,0.13579166569887866,0.39875060102071597,0.16774571891875625,9269.7,3151697.0,94.4,5.6,77.0,80.38,-0.43,0.136,0.399,0.168
116,226,Weiss Elementary School,42,Bedford Law,23,Carter,,21701089.169316784,21701089.1484375,23555.305823341016,MARTIN WEISS EL,110.0,automatic,MARTIN WEISS EL,446,97.5,2.5,85.0,80.20120477680068,4.7987952231993205,0.6118999841682552,0.6118999841682552,lower SES; academics near expected,WEISS ELEMENTARY,110.0,fuzzy match,446.0,3660004.0,8206.286996,0.16738576258180898,0.026539278131634817,0.7804878048780488,0.17497367810172235,0.0969625203567219,0.47393678372992887,0.17117972034176565,8206.29,3660004.0,97.5,2.5,85.0,80.2,0.61,0.097,0.474,0.171
117,312,Johnson Elementary School,354,West,380,Wilmer-Hutchins,,143414587.36375302,143414587.3828125,71917.45814686519,EDDIE BERNICE JOHNSON EL,100.0,manual alias,EDDIE BERNICE JOHNSON EL,455,91.4,8.599999999999994,84.0,80.560062519872,3.4399374801279947,0.43863044612826557,0.43863044612826557,higher SES; academics near expected,EDDIE BERNICE JOHNSON STEM ACADEMY,110.0,fuzzy match,455.0,4520147.0,9934.389011,0.24010639226544284,0.09129511677282372,0.7560975609756098,0.12541180491886755,0.16570075451913327,0.4981019766205263,0.1827590985921552,9934.39,4520147.0,91.4,8.6,84.0,80.56,0.44,0.166,0.498,0.183
118,229,Winnetka Elementary School,49,Greiner,18,Sunset,,1555724.0655269474,1555724.046875,5332.943936989563,WINNETKA EL,110.0,automatic,WINNETKA EL,759,88.5,11.5,91.0,80.7306670206764,10.269332979323593,1.309454643342185,1.309454643342185,higher SES; academics higher than expected,WINNETKA ELEMENTARY,100.0,exact normalized name,759.0,4549536.0,5994.118577,0.07429503124791317,0.12208067940552017,0.926829268292683,0.3745016271409167,0.09818785532671667,0.5005621497702981,0.22439832919441494,5994.12,4549536.0,88.5,11.5,91.0,80.73,1.31,0.098,0.501,0.224
119,230,Withers Elementary School,56,Walker,21,White,,14735225.337375045,14735225.2890625,21867.395115545267,HARRY C WITHERS EL,110.0,automatic,HARRY C WITHERS EL,423,47.5,52.5,85.0,83.14266168722142,1.8573383127785803,0.2368313777362243,0.2368313777362243,higher SES; academics near expected,WITHERS ELEMENTARY,110.0,fuzzy match,423.0,3665543.0,8665.586288,0.18671363410650438,0.5573248407643312,0.7804878048780488,0.06768936882767021,0.37201923743541776,0.48360071949227657,0.1272015014670873,8665.59,3665543.0,47.5,52.5,85.0,83.14,0.24,0.372,0.484,0.127
120,250,Young Jr Elementary School,72,Todd,16,SOC,,7996909.871765679,7996909.90625,16735.69260779594,WHITNEY M YOUNG JR EL,110.0,automatic,WHITNEY M YOUNG JR EL,360,92.2,7.799999999999997,73.0,80.51299920930528,-7.512999209305278,-0.9579913047769294,0.9579913047769294,higher SES; academics lower than expected,YOUNG ELEMENTARY,110.0,fuzzy match,360.0,3403893.0,9455.258333,0.21994399195430936,0.0828025477707006,0.4878048780487805,0.2739693488683579,0.151373269862505,0.3538744350015449,0.24695667041133362,9455.26,3403893.0,92.2,7.8,73.0,80.51,-0.96,0.151,0.354,0.247
121,131,Zaragoza Elementary School,58,Spence,24,North Dallas,,4701972.635097127,4701972.625,10671.754930857865,IGNACIO ZARAGOZA EL,110.0,automatic,IGNACIO ZARAGOZA EL,309,93.9,6.099999999999994,84.0,80.41298967435097,3.5870103256490324,0.45738387644986717,0.45738387644986717,lower SES; academics near expected,ZARAGOZA ELEMENTARY,110.0,fuzzy match,309.0,2747043.0,8890.106796,0.1961617295180761,0.0647558386411889,0.7560975609756098,0.1307760203825702,0.1304587840796325,0.4761296452468429,0.16346887495032314,8890.11,2747043.0,93.9,6.1,84.0,80.41,0.46,0.13,0.476,0.163
122,154,Smith Elementary School,48,Gaston,1,Adams,,3620488.0419388046,3620488.01953125,16875.031771339047,LARRY G SMITH EL,110.0,automatic,LARRY G SMITH EL,772,91.8,8.200000000000003,85.0,80.53653086458864,4.4634691354113585,0.569142163035004,0.569142163035004,higher SES; academics near expected,LARRY SMITH ELEMENTARY,110.0,fuzzy match,772.0,5131681.0,6647.255181,0.10177981206527151,0.08704883227176223,0.7804878048780488,0.16274326684448048,0.09441432216851686,0.44113380847166017,0.132261539454876,6647.26,5131681.0,91.8,8.2,85.0,80.54,0.57,0.094,0.441,0.132
123,116,Burnet Elementary School,79,Medrano,7,Jefferson,,1000197.5889092016,1000197.5546875,4948.6250857249215,DAVID G BURNET EL,110.0,automatic,DAVID G BURNET EL,623,95.8,4.200000000000003,81.0,80.30121431175499,0.6987856882450103,0.08910297932843572,0.08910297932843572,lower SES; academics near expected,BURNET ELEMENTARY,110.0,fuzzy match,623.0,5096760.0,8180.995185,0.16632145248564864,0.04458598726114653,0.6829268292682927,0.025433261780721993,0.10545371987339758,0.4246241408769707,0.09587735713318532,8181.0,5096760.0,95.8,4.2,81.0,80.3,0.09,0.105,0.425,0.096
124,275,Kahn Elementary School,68,Quintanilla,18,Sunset,,2858889.944136455,2858889.9375,11697.004298995305,LOUISE WOLFF KAHN EL,110.0,automatic,LOUISE WOLFF KAHN EL,571,93.2,6.799999999999997,84.0,80.45417007109687,3.5458299289031316,0.4521329159598174,0.4521329159598174,higher SES; academics near expected,KAHN ELEMENTARY,110.0,fuzzy match,571.0,3962149.0,6938.964974,0.11405531411764455,0.07218683651804668,0.7560975609756098,0.12927404005273307,0.09312107531784561,0.43507643754662717,0.12166467708518881,6938.96,3962149.0,93.2,6.8,84.0,80.45,0.45,0.093,0.435,0.122
125,190,Peabody Elementary School,68,Quintanilla,18,Sunset,,1609642.3076871373,1609642.31640625,8023.519607604945,GEORGE PEABODY EL,110.0,automatic,GEORGE PEABODY EL,373,94.1,5.900000000000006,80.0,80.40122384670929,-0.4012238467092857,-0.05116052134553461,0.05116052134553461,lower SES; academics near expected,PEABODY ELEMENTARY,110.0,fuzzy match,373.0,2675497.0,7172.914209,0.12390018180226697,0.06263269639065823,0.6585365853658537,0.014580232955999594,0.0932664390964626,0.39121838358406036,0.06924020737913328,7172.91,2675497.0,94.1,5.9,80.0,80.4,-0.05,0.093,0.391,0.069
126,122,Carr Elementary School,372,West Dallas,12,Pinkston,,6382141.411049426,6382141.39453125,11831.402218957217,C F CARR EL,110.0,automatic,C F CARR EL,282,97.5,2.5,83.0,80.20120477680068,2.7987952231993205,0.3568776480576903,0.3568776480576903,lower SES; academics near expected,CARR ELEMENTARY,110.0,fuzzy match,282.0,3003293.0,10649.97518,0.27021912655478936,0.026539278131634817,0.7317073170731707,0.10202730319888115,0.14837920234321209,0.50096322181398,0.18612321487683525,10649.98,3003293.0,97.5,2.5,83.0,80.2,0.36,0.148,0.501,0.186
127,265,Martinez Learning Center,372,West Dallas,12,Pinkston,,17234459.201258257,17234459.2578125,22878.95329896169,ELADIO R MARTINEZ LEARNING CENTER,110.0,automatic,ELADIO R MARTINEZ LEARNING CENTER,580,98.3,1.7000000000000028,82.0,80.15414146623395,1.845858533766048,0.2353675777053198,0.2353675777053198,lower SES; academics near expected,MARTINEZ ELEMENTARY,110.0,fuzzy match,580.0,4025268.0,6940.117241,0.11410380291117428,0.018046709129511708,0.7073170731707317,0.06727066469584522,0.06607525602034299,0.410710438040953,0.09068723380350975,6940.12,4025268.0,98.3,1.7,82.0,80.15,0.24,0.066,0.411,0.091
128,271,Saldivar Elementary School,79,Medrano,7,Jefferson,,862660.0140883168,862660.01953125,4390.877044516159,JULIAN T SALDIVAR EL,110.0,automatic,JULIAN T SALDIVAR EL,842,96.3,3.700000000000003,56.0,80.27179974265077,-24.27179974265077,-3.0949255359893035,3.0949255359893035,lower SES; academics lower than expected,SALDIVAR ELEMENTARY,110.0,fuzzy match,842.0,4960734.0,5891.608076,0.06998126497879348,0.03927813163481956,0.07317073170731707,0.8852162221820356,0.054629698306806515,0.07157599834305528,0.47759874358041454,5891.61,4960734.0,96.3,3.7,56.0,80.27,-3.09,0.055,0.072,0.478
129,107,May Elementary School,79,Medrano,7,Jefferson,,35722527.44261732,35722527.33984375,35794.268425821385,JOSE 'JOE' MAY EL,110.0,automatic,JOSE 'JOE' MAY EL,752,96.8,3.200000000000003,54.0,80.24238517354657,-26.242385173546566,-3.3461971860355484,3.3461971860355484,lower SES; academics lower than expected,JOSE JOE MAY ELEMENTARY SCHOOL,100.0,exact normalized name,752.0,4994316.0,6641.37766,0.10153247884976177,0.033970276008492596,0.024390243902439025,0.9570897539921364,0.06775137742912718,0.0629613613761004,0.5293111164209491,6641.38,4994316.0,96.8,3.2,54.0,80.24,-3.35,0.068,0.063,0.529
130,121,Carpenter Elementary School,43,Browne,8,Kimball,,4828733.893631789,4828733.8984375,10795.3940924192,JOHN W CARPENTER EL,110.0,automatic,JOHN W CARPENTER EL,209,98.6,1.4000000000000057,84.0,80.13649272477143,3.863507275228571,0.49264032545447667,0.49264032545447667,lower SES; academics near expected,CARPENTER ELEMENTARY,110.0,fuzzy match,209.0,2098209.0,10039.27751,0.24452022757588385,0.014861995753715558,0.7560975609756098,0.1408607454543307,0.1296911116647997,0.5003088942757468,0.19269048651510728,10039.28,2098209.0,98.6,1.4,84.0,80.14,0.49,0.13,0.5,0.193
131,219,Turner Elementary School,42,Bedford Law,23,Carter,,10294744.346194847,10294744.296875,17312.999865264374,ADELLE TURNER EL,100.0,manual alias,ADELLE TURNER EL,297,91.9,8.099999999999994,80.0,80.5306479507678,-0.5306479507678006,-0.06766354002854427,0.06766354002854427,higher SES; academics near expected,TURNER ELEMENTARY,110.0,fuzzy match,297.0,2692388.0,9065.279461,0.2035332078171511,0.08598726114649675,0.6585365853658537,0.019300742564057977,0.14476023448182393,0.4310348965915024,0.11141697519060453,9065.28,2692388.0,91.9,8.1,80.0,80.53,-0.07,0.145,0.431,0.111
132,301,Wilmer Hutchins Elementary School,354,West,380,Wilmer-Hutchins,,66883611.52302808,66883611.53515625,47221.98051590189,WILMER-HUTCHINS EL,110.0,automatic,WILMER-HUTCHINS EL,545,95.4,4.599999999999994,83.0,80.32474596703835,2.6752540329616465,0.34112476658754465,0.34112476658754465,lower SES; academics near expected,WILMER HUTCHINS ELEMENTARY SCHOOL,100.0,exact normalized name,545.0,4564285.0,8374.834862,0.17447846130038125,0.04883227176220801,0.7317073170731707,0.09752136220937085,0.11165536653129463,0.453092889186776,0.13599991175487605,8374.83,4564285.0,95.4,4.6,83.0,80.32,0.34,0.112,0.453,0.136
133,240,Guzick Elementary School,76,Lang,25,Skyline,,11230414.502960382,11230414.51953125,19284.311431187594,FRANK GUZICK EL,100.0,manual alias,FRANK GUZICK EL,620,98.4,1.5999999999999943,81.0,80.14825855241311,0.851741447586889,0.10860654686290135,0.10860654686290135,lower SES; academics near expected,FRANK GUZICK ELEMENTARY,100.0,exact normalized name,620.0,4446165.0,7171.233871,0.1238294711402918,0.016985138004246225,0.6829268292682927,0.03101204586297271,0.07040730457226901,0.40337815020429224,0.07742075850163226,7171.23,4446165.0,98.4,1.6,81.0,80.15,0.11,0.07,0.403,0.077
134,209,Silberstein Elementary School,353,Richards,25,Skyline,,6439786.101700616,6439786.08984375,16595.277977319533,ASCHER SILBERSTEIN EL,110.0,automatic,ASCHER SILBERSTEIN EL,557,92.5,7.5,83.0,80.49535046784275,2.504649532157245,0.31937078741448705,0.31937078741448705,higher SES; academics near expected,SILBERSTEIN ELEMENTARY,110.0,fuzzy match,557.0,4067815.0,7303.078995,0.12937767394011132,0.07961783439490445,0.7317073170731707,0.09129887227147589,0.1044977541675079,0.43054249550664103,0.11033827310579361,7303.08,4067815.0,92.5,7.5,83.0,80.5,0.32,0.104,0.431,0.11
135,222,Urban Park Elementary School,353,Richards,25,Skyline,,5757011.55744667,5757011.55078125,15608.371275282729,URBAN PARK EL,110.0,automatic,URBAN PARK EL,529,97.5,2.5,81.0,80.20120477680068,0.7987952231993205,0.10185531194712541,0.10185531194712541,lower SES; academics near expected,URBAN PARK STEAM ACADEMY,100.0,exact normalized name,529.0,4016213.0,7592.085066,0.14153940009000704,0.026539278131634817,0.6829268292682927,0.02908092829603995,0.08403933911082093,0.4122331146791499,0.0853101641930235,7592.09,4016213.0,97.5,2.5,81.0,80.2,0.1,0.084,0.412,0.085
